date,sku,warehouse,inventory_units,unit_cost,service_level_target
2025-01-01,SKU-A100,WH-Sarajevo,306,12.5,0.95
2025-01-01,SKU-B200,WH-Sarajevo,154,7.8,0.95
2025-01-01,SKU-C300,WH-Sarajevo,488,19.9,0.95
2025-01-02,SKU-A100,WH-Sarajevo,260,12.5,0.95
2025-01-02,SKU-B200,WH-Sarajevo,208,7.8,0.95
2025-01-02,SKU-C300,WH-Sarajevo,435,19.9,0.95
2025-01-03,SKU-A100,WH-Sarajevo,284,12.5,0.95
2025-01-03,SKU-B200,WH-Sarajevo,193,7.8,0.95
2025-01-03,SKU-C300,WH-Sarajevo,427,19.9,0.95
2025-01-04,SKU-A100,WH-Sarajevo,284,12.5,0.95
2025-01-04,SKU-B200,WH-Sarajevo,177,7.8,0.95
2025-01-04,SKU-C300,WH-Sarajevo,476,19.9,0.95
2025-01-05,SKU-A100,WH-Sarajevo,308,12.5,0.95
2025-01-05,SKU-B200,WH-Sarajevo,164,7.8,0.95
2025-01-05,SKU-C300,WH-Sarajevo,453,19.9,0.95
2025-01-06,SKU-A100,WH-Sarajevo,281,12.5,0.95
2025-01-06,SKU-B200,WH-Sarajevo,175,7.8,0.95
2025-01-06,SKU-C300,WH-Sarajevo,427,19.9,0.95
2025-01-07,SKU-A100,WH-Sarajevo,309,12.5,0.95
2025-01-07,SKU-B200,WH-Sarajevo,216,7.8,0.95
2025-01-07,SKU-C300,WH-Sarajevo,461,19.9,0.95
2025-01-08,SKU-A100,WH-Sarajevo,310,12.5,0.95
2025-01-08,SKU-B200,WH-Sarajevo,148,7.8,0.95
2025-01-08,SKU-C300,WH-Sarajevo,485,19.9,0.95
2025-01-09,SKU-A100,WH-Sarajevo,305,12.5,0.95
2025-01-09,SKU-B200,WH-Sarajevo,207,7.8,0.95
2025-01-09,SKU-C300,WH-Sarajevo,473,19.9,0.95
2025-01-10,SKU-A100,WH-Sarajevo,286,12.5,0.95
2025-01-10,SKU-B200,WH-Sarajevo,165,7.8,0.95
2025-01-10,SKU-C300,WH-Sarajevo,467,19.9,0.95
2025-01-11,SKU-A100,WH-Sarajevo,321,12.5,0.95
2025-01-11,SKU-B200,WH-Sarajevo,142,7.8,0.95
2025-01-11,SKU-C300,WH-Sarajevo,446,19.9,0.95
2025-01-12,SKU-A100,WH-Sarajevo,280,12.5,0.95
2025-01-12,SKU-B200,WH-Sarajevo,159,7.8,0.95
2025-01-12,SKU-C300,WH-Sarajevo,466,19.9,0.95
2025-01-13,SKU-A100,WH-Sarajevo,334,12.5,0.95
2025-01-13,SKU-B200,WH-Sarajevo,139,7.8,0.95
2025-01-13,SKU-C300,WH-Sarajevo,446,19.9,0.95
2025-01-14,SKU-A100,WH-Sarajevo,311,12.5,0.95
2025-01-14,SKU-B200,WH-Sarajevo,166,7.8,0.95
2025-01-14,SKU-C300,WH-Sarajevo,468,19.9,0.95
2025-01-15,SKU-A100,WH-Sarajevo,310,12.5,0.95
2025-01-15,SKU-B200,WH-Sarajevo,144,7.8,0.95
2025-01-15,SKU-C300,WH-Sarajevo,411,19.9,0.95
2025-01-16,SKU-A100,WH-Sarajevo,319,12.5,0.95
2025-01-16,SKU-B200,WH-Sarajevo,165,7.8,0.95
2025-01-16,SKU-C300,WH-Sarajevo,437,19.9,0.95
2025-01-17,SKU-A100,WH-Sarajevo,323,12.5,0.95
2025-01-17,SKU-B200,WH-Sarajevo,177,7.8,0.95
2025-01-17,SKU-C300,WH-Sarajevo,452,19.9,0.95
2025-01-18,SKU-A100,WH-Sarajevo,276,12.5,0.95
2025-01-18,SKU-B200,WH-Sarajevo,202,7.8,0.95
2025-01-18,SKU-C300,WH-Sarajevo,410,19.9,0.95
2025-01-19,SKU-A100,WH-Sarajevo,312,12.5,0.95
2025-01-19,SKU-B200,WH-Sarajevo,158,7.8,0.95
2025-01-19,SKU-C300,WH-Sarajevo,436,19.9,0.95
2025-01-20,SKU-A100,WH-Sarajevo,288,12.5,0.95
2025-01-20,SKU-B200,WH-Sarajevo,136,7.8,0.95
2025-01-20,SKU-C300,WH-Sarajevo,468,19.9,0.95
2025-01-21,SKU-A100,WH-Sarajevo,279,12.5,0.95
2025-01-21,SKU-B200,WH-Sarajevo,191,7.8,0.95
2025-01-21,SKU-C300,WH-Sarajevo,473,19.9,0.95
2025-01-22,SKU-A100,WH-Sarajevo,271,12.5,0.95
2025-01-22,SKU-B200,WH-Sarajevo,145,7.8,0.95
2025-01-22,SKU-C300,WH-Sarajevo,461,19.9,0.95
2025-01-23,SKU-A100,WH-Sarajevo,322,12.5,0.95
2025-01-23,SKU-B200,WH-Sarajevo,135,7.8,0.95
2025-01-23,SKU-C300,WH-Sarajevo,408,19.9,0.95
2025-01-24,SKU-A100,WH-Sarajevo,294,12.5,0.95
2025-01-24,SKU-B200,WH-Sarajevo,163,7.8,0.95
2025-01-24,SKU-C300,WH-Sarajevo,458,19.9,0.95
2025-01-25,SKU-A100,WH-Sarajevo,268,12.5,0.95
2025-01-25,SKU-B200,WH-Sarajevo,179,7.8,0.95
2025-01-25,SKU-C300,WH-Sarajevo,453,19.9,0.95
2025-01-26,SKU-A100,WH-Sarajevo,302,12.5,0.95
2025-01-26,SKU-B200,WH-Sarajevo,143,7.8,0.95
2025-01-26,SKU-C300,WH-Sarajevo,445,19.9,0.95
2025-01-27,SKU-A100,WH-Sarajevo,276,12.5,0.95
2025-01-27,SKU-B200,WH-Sarajevo,210,7.8,0.95
2025-01-27,SKU-C300,WH-Sarajevo,479,19.9,0.95
2025-01-28,SKU-A100,WH-Sarajevo,258,12.5,0.95
2025-01-28,SKU-B200,WH-Sarajevo,150,7.8,0.95
2025-01-28,SKU-C300,WH-Sarajevo,415,19.9,0.95
2025-01-29,SKU-A100,WH-Sarajevo,313,12.5,0.95
2025-01-29,SKU-B200,WH-Sarajevo,170,7.8,0.95
2025-01-29,SKU-C300,WH-Sarajevo,424,19.9,0.95
2025-01-30,SKU-A100,WH-Sarajevo,271,12.5,0.95
2025-01-30,SKU-B200,WH-Sarajevo,170,7.8,0.95
2025-01-30,SKU-C300,WH-Sarajevo,440,19.9,0.95
2025-01-31,SKU-A100,WH-Sarajevo,327,12.5,0.95
2025-01-31,SKU-B200,WH-Sarajevo,143,7.8,0.95
2025-01-31,SKU-C300,WH-Sarajevo,440,19.9,0.95
2025-02-01,SKU-A100,WH-Sarajevo,271,12.5,0.95
2025-02-01,SKU-B200,WH-Sarajevo,133,7.8,0.95
2025-02-01,SKU-C300,WH-Sarajevo,463,19.9,0.95
2025-02-02,SKU-A100,WH-Sarajevo,294,12.5,0.95
2025-02-02,SKU-B200,WH-Sarajevo,173,7.8,0.95
2025-02-02,SKU-C300,WH-Sarajevo,424,19.9,0.95
2025-02-03,SKU-A100,WH-Sarajevo,275,12.5,0.95
2025-02-03,SKU-B200,WH-Sarajevo,160,7.8,0.95
2025-02-03,SKU-C300,WH-Sarajevo,416,19.9,0.95
2025-02-04,SKU-A100,WH-Sarajevo,254,12.5,0.95
2025-02-04,SKU-B200,WH-Sarajevo,158,7.8,0.95
2025-02-04,SKU-C300,WH-Sarajevo,439,19.9,0.95
2025-02-05,SKU-A100,WH-Sarajevo,324,12.5,0.95
2025-02-05,SKU-B200,WH-Sarajevo,180,7.8,0.95
2025-02-05,SKU-C300,WH-Sarajevo,405,19.9,0.95
2025-02-06,SKU-A100,WH-Sarajevo,267,12.5,0.95
2025-02-06,SKU-B200,WH-Sarajevo,201,7.8,0.95
2025-02-06,SKU-C300,WH-Sarajevo,464,19.9,0.95
2025-02-07,SKU-A100,WH-Sarajevo,274,12.5,0.95
2025-02-07,SKU-B200,WH-Sarajevo,188,7.8,0.95
2025-02-07,SKU-C300,WH-Sarajevo,481,19.9,0.95
2025-02-08,SKU-A100,WH-Sarajevo,289,12.5,0.95
2025-02-08,SKU-B200,WH-Sarajevo,146,7.8,0.95
2025-02-08,SKU-C300,WH-Sarajevo,454,19.9,0.95
2025-02-09,SKU-A100,WH-Sarajevo,269,12.5,0.95
2025-02-09,SKU-B200,WH-Sarajevo,134,7.8,0.95
2025-02-09,SKU-C300,WH-Sarajevo,404,19.9,0.95
2025-02-10,SKU-A100,WH-Sarajevo,281,12.5,0.95
2025-02-10,SKU-B200,WH-Sarajevo,137,7.8,0.95
2025-02-10,SKU-C300,WH-Sarajevo,415,19.9,0.95
2025-02-11,SKU-A100,WH-Sarajevo,316,12.5,0.95
2025-02-11,SKU-B200,WH-Sarajevo,162,7.8,0.95
2025-02-11,SKU-C300,WH-Sarajevo,481,19.9,0.95
2025-02-12,SKU-A100,WH-Sarajevo,285,12.5,0.95
2025-02-12,SKU-B200,WH-Sarajevo,139,7.8,0.95
2025-02-12,SKU-C300,WH-Sarajevo,429,19.9,0.95
2025-02-13,SKU-A100,WH-Sarajevo,275,12.5,0.95
2025-02-13,SKU-B200,WH-Sarajevo,154,7.8,0.95
2025-02-13,SKU-C300,WH-Sarajevo,443,19.9,0.95
2025-02-14,SKU-A100,WH-Sarajevo,280,12.5,0.95
2025-02-14,SKU-B200,WH-Sarajevo,167,7.8,0.95
2025-02-14,SKU-C300,WH-Sarajevo,420,19.9,0.95
2025-02-15,SKU-A100,WH-Sarajevo,271,12.5,0.95
2025-02-15,SKU-B200,WH-Sarajevo,140,7.8,0.95
2025-02-15,SKU-C300,WH-Sarajevo,454,19.9,0.95
2025-02-16,SKU-A100,WH-Sarajevo,317,12.5,0.95
2025-02-16,SKU-B200,WH-Sarajevo,195,7.8,0.95
2025-02-16,SKU-C300,WH-Sarajevo,458,19.9,0.95
2025-02-17,SKU-A100,WH-Sarajevo,293,12.5,0.95
2025-02-17,SKU-B200,WH-Sarajevo,180,7.8,0.95
2025-02-17,SKU-C300,WH-Sarajevo,408,19.9,0.95
2025-02-18,SKU-A100,WH-Sarajevo,312,12.5,0.95
2025-02-18,SKU-B200,WH-Sarajevo,140,7.8,0.95
2025-02-18,SKU-C300,WH-Sarajevo,400,19.9,0.95
2025-02-19,SKU-A100,WH-Sarajevo,330,12.5,0.95
2025-02-19,SKU-B200,WH-Sarajevo,174,7.8,0.95
2025-02-19,SKU-C300,WH-Sarajevo,466,19.9,0.95
2025-02-20,SKU-A100,WH-Sarajevo,289,12.5,0.95
2025-02-20,SKU-B200,WH-Sarajevo,155,7.8,0.95
2025-02-20,SKU-C300,WH-Sarajevo,410,19.9,0.95
2025-02-21,SKU-A100,WH-Sarajevo,288,12.5,0.95
2025-02-21,SKU-B200,WH-Sarajevo,139,7.8,0.95
2025-02-21,SKU-C300,WH-Sarajevo,464,19.9,0.95
2025-02-22,SKU-A100,WH-Sarajevo,327,12.5,0.95
2025-02-22,SKU-B200,WH-Sarajevo,173,7.8,0.95
2025-02-22,SKU-C300,WH-Sarajevo,470,19.9,0.95
2025-02-23,SKU-A100,WH-Sarajevo,309,12.5,0.95
2025-02-23,SKU-B200,WH-Sarajevo,146,7.8,0.95
2025-02-23,SKU-C300,WH-Sarajevo,434,19.9,0.95
2025-02-24,SKU-A100,WH-Sarajevo,326,12.5,0.95
2025-02-24,SKU-B200,WH-Sarajevo,139,7.8,0.95
2025-02-24,SKU-C300,WH-Sarajevo,430,19.9,0.95
2025-02-25,SKU-A100,WH-Sarajevo,295,12.5,0.95
2025-02-25,SKU-B200,WH-Sarajevo,179,7.8,0.95
2025-02-25,SKU-C300,WH-Sarajevo,462,19.9,0.95
2025-02-26,SKU-A100,WH-Sarajevo,313,12.5,0.95
2025-02-26,SKU-B200,WH-Sarajevo,204,7.8,0.95
2025-02-26,SKU-C300,WH-Sarajevo,432,19.9,0.95
2025-02-27,SKU-A100,WH-Sarajevo,270,12.5,0.95
2025-02-27,SKU-B200,WH-Sarajevo,179,7.8,0.95
2025-02-27,SKU-C300,WH-Sarajevo,475,19.9,0.95
2025-02-28,SKU-A100,WH-Sarajevo,307,12.5,0.95
2025-02-28,SKU-B200,WH-Sarajevo,201,7.8,0.95
2025-02-28,SKU-C300,WH-Sarajevo,435,19.9,0.95
2025-03-01,SKU-A100,WH-Sarajevo,303,12.5,0.95
2025-03-01,SKU-B200,WH-Sarajevo,166,7.8,0.95
2025-03-01,SKU-C300,WH-Sarajevo,419,19.9,0.95
2025-03-02,SKU-A100,WH-Sarajevo,257,12.5,0.95
2025-03-02,SKU-B200,WH-Sarajevo,205,7.8,0.95
2025-03-02,SKU-C300,WH-Sarajevo,467,19.9,0.95
2025-03-03,SKU-A100,WH-Sarajevo,250,12.5,0.95
2025-03-03,SKU-B200,WH-Sarajevo,161,7.8,0.95
2025-03-03,SKU-C300,WH-Sarajevo,414,19.9,0.95
2025-03-04,SKU-A100,WH-Sarajevo,278,12.5,0.95
2025-03-04,SKU-B200,WH-Sarajevo,142,7.8,0.95
2025-03-04,SKU-C300,WH-Sarajevo,401,19.9,0.95
2025-03-05,SKU-A100,WH-Sarajevo,320,12.5,0.95
2025-03-05,SKU-B200,WH-Sarajevo,133,7.8,0.95
2025-03-05,SKU-C300,WH-Sarajevo,421,19.9,0.95
2025-03-06,SKU-A100,WH-Sarajevo,316,12.5,0.95
2025-03-06,SKU-B200,WH-Sarajevo,168,7.8,0.95
2025-03-06,SKU-C300,WH-Sarajevo,407,19.9,0.95
2025-03-07,SKU-A100,WH-Sarajevo,327,12.5,0.95
2025-03-07,SKU-B200,WH-Sarajevo,159,7.8,0.95
2025-03-07,SKU-C300,WH-Sarajevo,463,19.9,0.95
2025-03-08,SKU-A100,WH-Sarajevo,325,12.5,0.95
2025-03-08,SKU-B200,WH-Sarajevo,182,7.8,0.95
2025-03-08,SKU-C300,WH-Sarajevo,415,19.9,0.95
2025-03-09,SKU-A100,WH-Sarajevo,320,12.5,0.95
2025-03-09,SKU-B200,WH-Sarajevo,198,7.8,0.95
2025-03-09,SKU-C300,WH-Sarajevo,439,19.9,0.95
2025-03-10,SKU-A100,WH-Sarajevo,315,12.5,0.95
2025-03-10,SKU-B200,WH-Sarajevo,182,7.8,0.95
2025-03-10,SKU-C300,WH-Sarajevo,458,19.9,0.95
2025-03-11,SKU-A100,WH-Sarajevo,298,12.5,0.95
2025-03-11,SKU-B200,WH-Sarajevo,167,7.8,0.95
2025-03-11,SKU-C300,WH-Sarajevo,443,19.9,0.95
2025-03-12,SKU-A100,WH-Sarajevo,257,12.5,0.95
2025-03-12,SKU-B200,WH-Sarajevo,194,7.8,0.95
2025-03-12,SKU-C300,WH-Sarajevo,450,19.9,0.95
2025-03-13,SKU-A100,WH-Sarajevo,300,12.5,0.95
2025-03-13,SKU-B200,WH-Sarajevo,183,7.8,0.95
2025-03-13,SKU-C300,WH-Sarajevo,457,19.9,0.95
2025-03-14,SKU-A100,WH-Sarajevo,250,12.5,0.95
2025-03-14,SKU-B200,WH-Sarajevo,149,7.8,0.95
2025-03-14,SKU-C300,WH-Sarajevo,473,19.9,0.95
2025-03-15,SKU-A100,WH-Sarajevo,321,12.5,0.95
2025-03-15,SKU-B200,WH-Sarajevo,174,7.8,0.95
2025-03-15,SKU-C300,WH-Sarajevo,409,19.9,0.95
2025-03-16,SKU-A100,WH-Sarajevo,287,12.5,0.95
2025-03-16,SKU-B200,WH-Sarajevo,185,7.8,0.95
2025-03-16,SKU-C300,WH-Sarajevo,441,19.9,0.95
2025-03-17,SKU-A100,WH-Sarajevo,311,12.5,0.95
2025-03-17,SKU-B200,WH-Sarajevo,174,7.8,0.95
2025-03-17,SKU-C300,WH-Sarajevo,445,19.9,0.95
2025-03-18,SKU-A100,WH-Sarajevo,319,12.5,0.95
2025-03-18,SKU-B200,WH-Sarajevo,166,7.8,0.95
2025-03-18,SKU-C300,WH-Sarajevo,404,19.9,0.95
2025-03-19,SKU-A100,WH-Sarajevo,260,12.5,0.95
2025-03-19,SKU-B200,WH-Sarajevo,137,7.8,0.95
2025-03-19,SKU-C300,WH-Sarajevo,398,19.9,0.95
2025-03-20,SKU-A100,WH-Sarajevo,317,12.5,0.95
2025-03-20,SKU-B200,WH-Sarajevo,147,7.8,0.95
2025-03-20,SKU-C300,WH-Sarajevo,453,19.9,0.95
2025-03-21,SKU-A100,WH-Sarajevo,290,12.5,0.95
2025-03-21,SKU-B200,WH-Sarajevo,193,7.8,0.95
2025-03-21,SKU-C300,WH-Sarajevo,425,19.9,0.95
2025-03-22,SKU-A100,WH-Sarajevo,261,12.5,0.95
2025-03-22,SKU-B200,WH-Sarajevo,180,7.8,0.95
2025-03-22,SKU-C300,WH-Sarajevo,442,19.9,0.95
2025-03-23,SKU-A100,WH-Sarajevo,302,12.5,0.95
2025-03-23,SKU-B200,WH-Sarajevo,152,7.8,0.95
2025-03-23,SKU-C300,WH-Sarajevo,394,19.9,0.95
2025-03-24,SKU-A100,WH-Sarajevo,281,12.5,0.95
2025-03-24,SKU-B200,WH-Sarajevo,152,7.8,0.95
2025-03-24,SKU-C300,WH-Sarajevo,435,19.9,0.95
2025-03-25,SKU-A100,WH-Sarajevo,281,12.5,0.95
2025-03-25,SKU-B200,WH-Sarajevo,187,7.8,0.95
2025-03-25,SKU-C300,WH-Sarajevo,414,19.9,0.95
2025-03-26,SKU-A100,WH-Sarajevo,311,12.5,0.95
2025-03-26,SKU-B200,WH-Sarajevo,162,7.8,0.95
2025-03-26,SKU-C300,WH-Sarajevo,452,19.9,0.95
2025-03-27,SKU-A100,WH-Sarajevo,276,12.5,0.95
2025-03-27,SKU-B200,WH-Sarajevo,130,7.8,0.95
2025-03-27,SKU-C300,WH-Sarajevo,411,19.9,0.95
2025-03-28,SKU-A100,WH-Sarajevo,253,12.5,0.95
2025-03-28,SKU-B200,WH-Sarajevo,177,7.8,0.95
2025-03-28,SKU-C300,WH-Sarajevo,432,19.9,0.95
2025-03-29,SKU-A100,WH-Sarajevo,258,12.5,0.95
2025-03-29,SKU-B200,WH-Sarajevo,128,7.8,0.95
2025-03-29,SKU-C300,WH-Sarajevo,431,19.9,0.95
2025-03-30,SKU-A100,WH-Sarajevo,287,12.5,0.95
2025-03-30,SKU-B200,WH-Sarajevo,166,7.8,0.95
2025-03-30,SKU-C300,WH-Sarajevo,420,19.9,0.95
2025-03-31,SKU-A100,WH-Sarajevo,266,12.5,0.95
2025-03-31,SKU-B200,WH-Sarajevo,145,7.8,0.95
2025-03-31,SKU-C300,WH-Sarajevo,464,19.9,0.95
2025-04-01,SKU-A100,WH-Sarajevo,290,12.5,0.95
2025-04-01,SKU-B200,WH-Sarajevo,151,7.8,0.95
2025-04-01,SKU-C300,WH-Sarajevo,404,19.9,0.95
2025-04-02,SKU-A100,WH-Sarajevo,264,12.5,0.95
2025-04-02,SKU-B200,WH-Sarajevo,195,7.8,0.95
2025-04-02,SKU-C300,WH-Sarajevo,452,19.9,0.95
2025-04-03,SKU-A100,WH-Sarajevo,253,12.5,0.95
2025-04-03,SKU-B200,WH-Sarajevo,122,7.8,0.95
2025-04-03,SKU-C300,WH-Sarajevo,422,19.9,0.95
2025-04-04,SKU-A100,WH-Sarajevo,292,12.5,0.95
2025-04-04,SKU-B200,WH-Sarajevo,160,7.8,0.95
2025-04-04,SKU-C300,WH-Sarajevo,429,19.9,0.95
2025-04-05,SKU-A100,WH-Sarajevo,265,12.5,0.95
2025-04-05,SKU-B200,WH-Sarajevo,184,7.8,0.95
2025-04-05,SKU-C300,WH-Sarajevo,424,19.9,0.95
2025-04-06,SKU-A100,WH-Sarajevo,290,12.5,0.95
2025-04-06,SKU-B200,WH-Sarajevo,159,7.8,0.95
2025-04-06,SKU-C300,WH-Sarajevo,425,19.9,0.95
2025-04-07,SKU-A100,WH-Sarajevo,242,12.5,0.95
2025-04-07,SKU-B200,WH-Sarajevo,156,7.8,0.95
2025-04-07,SKU-C300,WH-Sarajevo,437,19.9,0.95
2025-04-08,SKU-A100,WH-Sarajevo,289,12.5,0.95
2025-04-08,SKU-B200,WH-Sarajevo,173,7.8,0.95
2025-04-08,SKU-C300,WH-Sarajevo,405,19.9,0.95
2025-04-09,SKU-A100,WH-Sarajevo,310,12.5,0.95
2025-04-09,SKU-B200,WH-Sarajevo,157,7.8,0.95
2025-04-09,SKU-C300,WH-Sarajevo,445,19.9,0.95
2025-04-10,SKU-A100,WH-Sarajevo,312,12.5,0.95
2025-04-10,SKU-B200,WH-Sarajevo,132,7.8,0.95
2025-04-10,SKU-C300,WH-Sarajevo,393,19.9,0.95
2025-04-11,SKU-A100,WH-Sarajevo,272,12.5,0.95
2025-04-11,SKU-B200,WH-Sarajevo,190,7.8,0.95
2025-04-11,SKU-C300,WH-Sarajevo,461,19.9,0.95
2025-04-12,SKU-A100,WH-Sarajevo,239,12.5,0.95
2025-04-12,SKU-B200,WH-Sarajevo,195,7.8,0.95
2025-04-12,SKU-C300,WH-Sarajevo,391,19.9,0.95
2025-04-13,SKU-A100,WH-Sarajevo,307,12.5,0.95
2025-04-13,SKU-B200,WH-Sarajevo,151,7.8,0.95
2025-04-13,SKU-C300,WH-Sarajevo,405,19.9,0.95
2025-04-14,SKU-A100,WH-Sarajevo,280,12.5,0.95
2025-04-14,SKU-B200,WH-Sarajevo,191,7.8,0.95
2025-04-14,SKU-C300,WH-Sarajevo,429,19.9,0.95
2025-04-15,SKU-A100,WH-Sarajevo,309,12.5,0.95
2025-04-15,SKU-B200,WH-Sarajevo,170,7.8,0.95
2025-04-15,SKU-C300,WH-Sarajevo,390,19.9,0.95
2025-04-16,SKU-A100,WH-Sarajevo,255,12.5,0.95
2025-04-16,SKU-B200,WH-Sarajevo,174,7.8,0.95
2025-04-16,SKU-C300,WH-Sarajevo,390,19.9,0.95
2025-04-17,SKU-A100,WH-Sarajevo,279,12.5,0.95
2025-04-17,SKU-B200,WH-Sarajevo,174,7.8,0.95
2025-04-17,SKU-C300,WH-Sarajevo,422,19.9,0.95
2025-04-18,SKU-A100,WH-Sarajevo,287,12.5,0.95
2025-04-18,SKU-B200,WH-Sarajevo,198,7.8,0.95
2025-04-18,SKU-C300,WH-Sarajevo,420,19.9,0.95
2025-04-19,SKU-A100,WH-Sarajevo,317,12.5,0.95
2025-04-19,SKU-B200,WH-Sarajevo,197,7.8,0.95
2025-04-19,SKU-C300,WH-Sarajevo,425,19.9,0.95
2025-04-20,SKU-A100,WH-Sarajevo,284,12.5,0.95
2025-04-20,SKU-B200,WH-Sarajevo,169,7.8,0.95
2025-04-20,SKU-C300,WH-Sarajevo,434,19.9,0.95
2025-04-21,SKU-A100,WH-Sarajevo,294,12.5,0.95
2025-04-21,SKU-B200,WH-Sarajevo,139,7.8,0.95
2025-04-21,SKU-C300,WH-Sarajevo,390,19.9,0.95
2025-04-22,SKU-A100,WH-Sarajevo,285,12.5,0.95
2025-04-22,SKU-B200,WH-Sarajevo,164,7.8,0.95
2025-04-22,SKU-C300,WH-Sarajevo,402,19.9,0.95
2025-04-23,SKU-A100,WH-Sarajevo,310,12.5,0.95
2025-04-23,SKU-B200,WH-Sarajevo,149,7.8,0.95
2025-04-23,SKU-C300,WH-Sarajevo,406,19.9,0.95
2025-04-24,SKU-A100,WH-Sarajevo,272,12.5,0.95
2025-04-24,SKU-B200,WH-Sarajevo,151,7.8,0.95
2025-04-24,SKU-C300,WH-Sarajevo,401,19.9,0.95
2025-04-25,SKU-A100,WH-Sarajevo,264,12.5,0.95
2025-04-25,SKU-B200,WH-Sarajevo,170,7.8,0.95
2025-04-25,SKU-C300,WH-Sarajevo,441,19.9,0.95
2025-04-26,SKU-A100,WH-Sarajevo,282,12.5,0.95
2025-04-26,SKU-B200,WH-Sarajevo,180,7.8,0.95
2025-04-26,SKU-C300,WH-Sarajevo,428,19.9,0.95
2025-04-27,SKU-A100,WH-Sarajevo,294,12.5,0.95
2025-04-27,SKU-B200,WH-Sarajevo,128,7.8,0.95
2025-04-27,SKU-C300,WH-Sarajevo,432,19.9,0.95
2025-04-28,SKU-A100,WH-Sarajevo,293,12.5,0.95
2025-04-28,SKU-B200,WH-Sarajevo,137,7.8,0.95
2025-04-28,SKU-C300,WH-Sarajevo,402,19.9,0.95
2025-04-29,SKU-A100,WH-Sarajevo,263,12.5,0.95
2025-04-29,SKU-B200,WH-Sarajevo,131,7.8,0.95
2025-04-29,SKU-C300,WH-Sarajevo,415,19.9,0.95
2025-04-30,SKU-A100,WH-Sarajevo,286,12.5,0.95
2025-04-30,SKU-B200,WH-Sarajevo,167,7.8,0.95
2025-04-30,SKU-C300,WH-Sarajevo,432,19.9,0.95
2025-05-01,SKU-A100,WH-Sarajevo,241,12.5,0.95
2025-05-01,SKU-B200,WH-Sarajevo,181,7.8,0.95
2025-05-01,SKU-C300,WH-Sarajevo,410,19.9,0.95
2025-05-02,SKU-A100,WH-Sarajevo,248,12.5,0.95
2025-05-02,SKU-B200,WH-Sarajevo,173,7.8,0.95
2025-05-02,SKU-C300,WH-Sarajevo,420,19.9,0.95
2025-05-03,SKU-A100,WH-Sarajevo,271,12.5,0.95
2025-05-03,SKU-B200,WH-Sarajevo,176,7.8,0.95
2025-05-03,SKU-C300,WH-Sarajevo,432,19.9,0.95
2025-05-04,SKU-A100,WH-Sarajevo,303,12.5,0.95
2025-05-04,SKU-B200,WH-Sarajevo,157,7.8,0.95
2025-05-04,SKU-C300,WH-Sarajevo,439,19.9,0.95
2025-05-05,SKU-A100,WH-Sarajevo,291,12.5,0.95
2025-05-05,SKU-B200,WH-Sarajevo,175,7.8,0.95
2025-05-05,SKU-C300,WH-Sarajevo,433,19.9,0.95
2025-05-06,SKU-A100,WH-Sarajevo,257,12.5,0.95
2025-05-06,SKU-B200,WH-Sarajevo,156,7.8,0.95
2025-05-06,SKU-C300,WH-Sarajevo,426,19.9,0.95
2025-05-07,SKU-A100,WH-Sarajevo,285,12.5,0.95
2025-05-07,SKU-B200,WH-Sarajevo,139,7.8,0.95
2025-05-07,SKU-C300,WH-Sarajevo,403,19.9,0.95
2025-05-08,SKU-A100,WH-Sarajevo,236,12.5,0.95
2025-05-08,SKU-B200,WH-Sarajevo,190,7.8,0.95
2025-05-08,SKU-C300,WH-Sarajevo,434,19.9,0.95
2025-05-09,SKU-A100,WH-Sarajevo,263,12.5,0.95
2025-05-09,SKU-B200,WH-Sarajevo,182,7.8,0.95
2025-05-09,SKU-C300,WH-Sarajevo,453,19.9,0.95
2025-05-10,SKU-A100,WH-Sarajevo,269,12.5,0.95
2025-05-10,SKU-B200,WH-Sarajevo,160,7.8,0.95
2025-05-10,SKU-C300,WH-Sarajevo,418,19.9,0.95
2025-05-11,SKU-A100,WH-Sarajevo,257,12.5,0.95
2025-05-11,SKU-B200,WH-Sarajevo,126,7.8,0.95
2025-05-11,SKU-C300,WH-Sarajevo,462,19.9,0.95
2025-05-12,SKU-A100,WH-Sarajevo,303,12.5,0.95
2025-05-12,SKU-B200,WH-Sarajevo,166,7.8,0.95
2025-05-12,SKU-C300,WH-Sarajevo,456,19.9,0.95
2025-05-13,SKU-A100,WH-Sarajevo,237,12.5,0.95
2025-05-13,SKU-B200,WH-Sarajevo,147,7.8,0.95
2025-05-13,SKU-C300,WH-Sarajevo,427,19.9,0.95
2025-05-14,SKU-A100,WH-Sarajevo,263,12.5,0.95
2025-05-14,SKU-B200,WH-Sarajevo,116,7.8,0.95
2025-05-14,SKU-C300,WH-Sarajevo,412,19.9,0.95
2025-05-15,SKU-A100,WH-Sarajevo,295,12.5,0.95
2025-05-15,SKU-B200,WH-Sarajevo,177,7.8,0.95
2025-05-15,SKU-C300,WH-Sarajevo,432,19.9,0.95
2025-05-16,SKU-A100,WH-Sarajevo,289,12.5,0.95
2025-05-16,SKU-B200,WH-Sarajevo,113,7.8,0.95
2025-05-16,SKU-C300,WH-Sarajevo,434,19.9,0.95
2025-05-17,SKU-A100,WH-Sarajevo,309,12.5,0.95
2025-05-17,SKU-B200,WH-Sarajevo,170,7.8,0.95
2025-05-17,SKU-C300,WH-Sarajevo,433,19.9,0.95
2025-05-18,SKU-A100,WH-Sarajevo,298,12.5,0.95
2025-05-18,SKU-B200,WH-Sarajevo,127,7.8,0.95
2025-05-18,SKU-C300,WH-Sarajevo,404,19.9,0.95
2025-05-19,SKU-A100,WH-Sarajevo,249,12.5,0.95
2025-05-19,SKU-B200,WH-Sarajevo,187,7.8,0.95
2025-05-19,SKU-C300,WH-Sarajevo,385,19.9,0.95
2025-05-20,SKU-A100,WH-Sarajevo,276,12.5,0.95
2025-05-20,SKU-B200,WH-Sarajevo,127,7.8,0.95
2025-05-20,SKU-C300,WH-Sarajevo,388,19.9,0.95
2025-05-21,SKU-A100,WH-Sarajevo,244,12.5,0.95
2025-05-21,SKU-B200,WH-Sarajevo,120,7.8,0.95
2025-05-21,SKU-C300,WH-Sarajevo,389,19.9,0.95
2025-05-22,SKU-A100,WH-Sarajevo,305,12.5,0.95
2025-05-22,SKU-B200,WH-Sarajevo,133,7.8,0.95
2025-05-22,SKU-C300,WH-Sarajevo,428,19.9,0.95
2025-05-23,SKU-A100,WH-Sarajevo,277,12.5,0.95
2025-05-23,SKU-B200,WH-Sarajevo,157,7.8,0.95
2025-05-23,SKU-C300,WH-Sarajevo,390,19.9,0.95
2025-05-24,SKU-A100,WH-Sarajevo,306,12.5,0.95
2025-05-24,SKU-B200,WH-Sarajevo,128,7.8,0.95
2025-05-24,SKU-C300,WH-Sarajevo,394,19.9,0.95
2025-05-25,SKU-A100,WH-Sarajevo,264,12.5,0.95
2025-05-25,SKU-B200,WH-Sarajevo,125,7.8,0.95
2025-05-25,SKU-C300,WH-Sarajevo,445,19.9,0.95
2025-05-26,SKU-A100,WH-Sarajevo,247,12.5,0.95
2025-05-26,SKU-B200,WH-Sarajevo,129,7.8,0.95
2025-05-26,SKU-C300,WH-Sarajevo,431,19.9,0.95
2025-05-27,SKU-A100,WH-Sarajevo,282,12.5,0.95
2025-05-27,SKU-B200,WH-Sarajevo,113,7.8,0.95
2025-05-27,SKU-C300,WH-Sarajevo,455,19.9,0.95
2025-05-28,SKU-A100,WH-Sarajevo,232,12.5,0.95
2025-05-28,SKU-B200,WH-Sarajevo,145,7.8,0.95
2025-05-28,SKU-C300,WH-Sarajevo,453,19.9,0.95
2025-05-29,SKU-A100,WH-Sarajevo,297,12.5,0.95
2025-05-29,SKU-B200,WH-Sarajevo,159,7.8,0.95
2025-05-29,SKU-C300,WH-Sarajevo,406,19.9,0.95
2025-05-30,SKU-A100,WH-Sarajevo,267,12.5,0.95
2025-05-30,SKU-B200,WH-Sarajevo,119,7.8,0.95
2025-05-30,SKU-C300,WH-Sarajevo,446,19.9,0.95
2025-05-31,SKU-A100,WH-Sarajevo,256,12.5,0.95
2025-05-31,SKU-B200,WH-Sarajevo,122,7.8,0.95
2025-05-31,SKU-C300,WH-Sarajevo,422,19.9,0.95
2025-06-01,SKU-A100,WH-Sarajevo,239,12.5,0.95
2025-06-01,SKU-B200,WH-Sarajevo,131,7.8,0.95
2025-06-01,SKU-C300,WH-Sarajevo,412,19.9,0.95
2025-06-02,SKU-A100,WH-Sarajevo,273,12.5,0.95
2025-06-02,SKU-B200,WH-Sarajevo,153,7.8,0.95
2025-06-02,SKU-C300,WH-Sarajevo,440,19.9,0.95
2025-06-03,SKU-A100,WH-Sarajevo,306,12.5,0.95
2025-06-03,SKU-B200,WH-Sarajevo,188,7.8,0.95
2025-06-03,SKU-C300,WH-Sarajevo,443,19.9,0.95
2025-06-04,SKU-A100,WH-Sarajevo,250,12.5,0.95
2025-06-04,SKU-B200,WH-Sarajevo,111,7.8,0.95
2025-06-04,SKU-C300,WH-Sarajevo,405,19.9,0.95
2025-06-05,SKU-A100,WH-Sarajevo,267,12.5,0.95
2025-06-05,SKU-B200,WH-Sarajevo,114,7.8,0.95
2025-06-05,SKU-C300,WH-Sarajevo,419,19.9,0.95
2025-06-06,SKU-A100,WH-Sarajevo,244,12.5,0.95
2025-06-06,SKU-B200,WH-Sarajevo,113,7.8,0.95
2025-06-06,SKU-C300,WH-Sarajevo,422,19.9,0.95
2025-06-07,SKU-A100,WH-Sarajevo,249,12.5,0.95
2025-06-07,SKU-B200,WH-Sarajevo,159,7.8,0.95
2025-06-07,SKU-C300,WH-Sarajevo,452,19.9,0.95
2025-06-08,SKU-A100,WH-Sarajevo,301,12.5,0.95
2025-06-08,SKU-B200,WH-Sarajevo,130,7.8,0.95
2025-06-08,SKU-C300,WH-Sarajevo,403,19.9,0.95
2025-06-09,SKU-A100,WH-Sarajevo,275,12.5,0.95
2025-06-09,SKU-B200,WH-Sarajevo,164,7.8,0.95
2025-06-09,SKU-C300,WH-Sarajevo,429,19.9,0.95
2025-06-10,SKU-A100,WH-Sarajevo,246,12.5,0.95
2025-06-10,SKU-B200,WH-Sarajevo,131,7.8,0.95
2025-06-10,SKU-C300,WH-Sarajevo,435,19.9,0.95
2025-06-11,SKU-A100,WH-Sarajevo,227,12.5,0.95
2025-06-11,SKU-B200,WH-Sarajevo,163,7.8,0.95
2025-06-11,SKU-C300,WH-Sarajevo,387,19.9,0.95
2025-06-12,SKU-A100,WH-Sarajevo,265,12.5,0.95
2025-06-12,SKU-B200,WH-Sarajevo,124,7.8,0.95
2025-06-12,SKU-C300,WH-Sarajevo,435,19.9,0.95
2025-06-13,SKU-A100,WH-Sarajevo,262,12.5,0.95
2025-06-13,SKU-B200,WH-Sarajevo,123,7.8,0.95
2025-06-13,SKU-C300,WH-Sarajevo,391,19.9,0.95
2025-06-14,SKU-A100,WH-Sarajevo,300,12.5,0.95
2025-06-14,SKU-B200,WH-Sarajevo,161,7.8,0.95
2025-06-14,SKU-C300,WH-Sarajevo,426,19.9,0.95
2025-06-15,SKU-A100,WH-Sarajevo,265,12.5,0.95
2025-06-15,SKU-B200,WH-Sarajevo,183,7.8,0.95
2025-06-15,SKU-C300,WH-Sarajevo,384,19.9,0.95
2025-06-16,SKU-A100,WH-Sarajevo,266,12.5,0.95
2025-06-16,SKU-B200,WH-Sarajevo,150,7.8,0.95
2025-06-16,SKU-C300,WH-Sarajevo,445,19.9,0.95
2025-06-17,SKU-A100,WH-Sarajevo,297,12.5,0.95
2025-06-17,SKU-B200,WH-Sarajevo,141,7.8,0.95
2025-06-17,SKU-C300,WH-Sarajevo,403,19.9,0.95
2025-06-18,SKU-A100,WH-Sarajevo,292,12.5,0.95
2025-06-18,SKU-B200,WH-Sarajevo,129,7.8,0.95
2025-06-18,SKU-C300,WH-Sarajevo,430,19.9,0.95
2025-06-19,SKU-A100,WH-Sarajevo,248,12.5,0.95
2025-06-19,SKU-B200,WH-Sarajevo,155,7.8,0.95
2025-06-19,SKU-C300,WH-Sarajevo,382,19.9,0.95
2025-06-20,SKU-A100,WH-Sarajevo,265,12.5,0.95
2025-06-20,SKU-B200,WH-Sarajevo,133,7.8,0.95
2025-06-20,SKU-C300,WH-Sarajevo,391,19.9,0.95
2025-06-21,SKU-A100,WH-Sarajevo,279,12.5,0.95
2025-06-21,SKU-B200,WH-Sarajevo,119,7.8,0.95
2025-06-21,SKU-C300,WH-Sarajevo,435,19.9,0.95
2025-06-22,SKU-A100,WH-Sarajevo,305,12.5,0.95
2025-06-22,SKU-B200,WH-Sarajevo,119,7.8,0.95
2025-06-22,SKU-C300,WH-Sarajevo,400,19.9,0.95
2025-06-23,SKU-A100,WH-Sarajevo,226,12.5,0.95
2025-06-23,SKU-B200,WH-Sarajevo,105,7.8,0.95
2025-06-23,SKU-C300,WH-Sarajevo,452,19.9,0.95
2025-06-24,SKU-A100,WH-Sarajevo,305,12.5,0.95
2025-06-24,SKU-B200,WH-Sarajevo,153,7.8,0.95
2025-06-24,SKU-C300,WH-Sarajevo,397,19.9,0.95
2025-06-25,SKU-A100,WH-Sarajevo,301,12.5,0.95
2025-06-25,SKU-B200,WH-Sarajevo,162,7.8,0.95
2025-06-25,SKU-C300,WH-Sarajevo,447,19.9,0.95
2025-06-26,SKU-A100,WH-Sarajevo,299,12.5,0.95
2025-06-26,SKU-B200,WH-Sarajevo,168,7.8,0.95
2025-06-26,SKU-C300,WH-Sarajevo,374,19.9,0.95
2025-06-27,SKU-A100,WH-Sarajevo,231,12.5,0.95
2025-06-27,SKU-B200,WH-Sarajevo,104,7.8,0.95
2025-06-27,SKU-C300,WH-Sarajevo,432,19.9,0.95
2025-06-28,SKU-A100,WH-Sarajevo,303,12.5,0.95
2025-06-28,SKU-B200,WH-Sarajevo,148,7.8,0.95
2025-06-28,SKU-C300,WH-Sarajevo,426,19.9,0.95
2025-06-29,SKU-A100,WH-Sarajevo,296,12.5,0.95
2025-06-29,SKU-B200,WH-Sarajevo,149,7.8,0.95
2025-06-29,SKU-C300,WH-Sarajevo,387,19.9,0.95
